"","condicion","media","desviacion"
"1","pos",0.991071428571429,0.0228568623612797
"2","pre",0.970238095238095,0.0600023282671037
